CatalogNumber,Date,TradeDirection,ProductName,CompanyName,ContactPerson,Protein,TestWeight,FallingNumber,Quantity,DeliveryParity,LocationDetail,Price,Currency,GMP,ISCC,PublicNotes,PrivateNotes,,,,,,,,,,,,,,,,,,,,
1,04.08.2023,offer,wheat,,Branko,,,,,FCA,Levice,,,,,"wheat 72kg/HL, iscc, gmp, 500t, FCA Levice, 170€/t, 8-9/23, non binding, unverbindlich",,,,,,,,,,,,,,,,,,,,,
2,04.08.2023,offer,wheat,,Dusan,,,,,,,,,,,"11,5/79/220, 4700t, FCA Dunajska Streda, predavat po 500t, 8-9/23",,,,,,,,,,,,,,,,,,,,,
3,04.08.2023,offer,wheat,,Dusan,,,,,,,,,,,"12,7/80/220, 3500t",,,,,,,,,,,,,,,,,,,,,
4,04.08.2023,offer,wheat,,Dusan,,,,,,,,,,,"13,8/81/250, 2100t, ",,,,,,,,,,,,,,,,,,,,,
5,04.08.2023,offer,barley,,Branko,,,,,,,,,,,"175t, FCA Marcelová, Feedbly, 61kg, gmp, 8-9/23, 150€/t",,,,,,,,,,,,,,,,,,,,,
6,04.08.2023,offer,wheat,,Branko,,,,,,,,,GMP,ISCC,"200-300t, 8-9/23, feedwheat, 74kg/hl, iscc, gmp, FCA Očová, 163€/t",,,,,,,,,,,,,,,,,,,,,
7,04.08.2023,offer,durum,,Sylvia,,,,,,,,,,,"durum, 800t, FCA Trnava+25km, 350€/t, promt - 11/23, sukzessive, without extention, 13/78/250/70, 6%GB, (deduction 1:1), ",,,,,,,,,,,,,,,,,,,,,
8,04.08.2023,offer,rapeseed,,Branko,,,,,,,,,,,"rapeseed, iscc, gmp, 40/9/2, 500t, FCA Topolcany+20km, 1-3/24, 470€/t",,,,,,,,,,,,,,,,,,,,,
9,04.08.2023,offer,durum,,Branko,,,,,,,,,,,"durum, 500-800t, FCA Topolcany, 13,5/80/250/90, 1-3/24, 380€/t",,,,,,,,,,,,,,,,,,,,,
10,21.08.2023,offer,wheat,,Branko,,,,,,,,,,,"feedwheat, 73kg, iscc, gmp, 300t, FCA Levice+20km, 9/2023, 160€/t",,,,,,,,,,,,,,,,,,,,,
11,21.08.2023,offer,barley,,Branko,,,,,,,,,,,"feedbarley, 58kg/HL, gmp, FCA Piestany+20km, 130t, 9/23",,,,,,,,,,,,,,,,,,,,,
12,21.08.2023,offer,wheat,,Branko,,,,,,,,,,,"feedwheat, 73kg/HL, ISCC, GMP, 400t, FCA Zvolen +20km, 9-11/2023",,,,,,,,,,,,,,,,,,,,,
13,21.08.2023,offer,oats,,Branko,,,,,,,,,,,"naked oats, 380t, FCA Nitra+30km, 410€/t, 9-12/2023",,,,,,,,,,,,,,,,,,,,,
14,21.08.2023,demand,rapeseed,,Branko,,,,,,,,,,,"rapeseed, 40/9/2, iscc, gmp, FCA west SK, promt, 400-410€/t",,,,,,,,,,,,,,,,,,,,,
15,21.08.2023,demand,wheat,,Peťo K,,,,,,,,,,,"feedwheat 72kg, iscc, gmp, 1250DON, FCA juhozáp SK, 10-12/2023, 200t, 160€/t",,,,,,,,,,,,,,,,,,,,,
16,21.08.2023,offer,barley,,Dušan,,,,,,,,,,,"Feedbly, 55kg/HL, FCA Martin, 450t, 8-9/2023",,,,,,,,,,,,,,,,,,,,,
17,21.08.2023,offer,peas,,Dušan,,,,,,,,,,,"yellow peas, 230t, FCA Leopoldov, 8-9/2023, 270€/t",,,,,,,,,,,,,,,,,,,,,
18,23.08.2023,offer,sunflower ho,,Branko,,,,,,,,,,,"ho,400t,fca ZM,9 Až 9-11/23,410€/t",,,,,,,,,,,,,,,,,,,,,
19,23.08.2023,offer,raž,,Branko,,,,,,,,,,,"raž,1.000t,720/340,FCA ZM, 180€/t",,,,,,,,,,,,,,,,,,,,,
20,23.8.2023,offer,durum,,Branko,,,,,,,,,,,"durum 200-1.000t,11,5-12/780/75/260, FCA ZM, 330€/t",,,,,,,,,,,,,,,,,,,,,
21,04.09.2023,demand,maize,,URL,,,,,,,,,,,"14,5/8/2, iscc, gmp, FCA west SK, 10-12/2023, 150€/t",,,,,,,,,,,,,,,,,,,,,
22,04.09.2023,demand,durum,,URL,,,,,,,,,,,bez dopytu,,,,,,,,,,,,,,,,,,,,,
23,04.09.2023,demand,wheat,,URL,,,,,,,,,,,bez dopytu,,,,,,,,,,,,,,,,,,,,,
24,04.09.2023,demand,barley,,URL,,,,,,,,,,,"62kg/HL, GMP, 135-140€/t",,,,,,,,,,,,,,,,,,,,,
25,04.09.2023,demand,barley,,URL,,,,,,,,,,,"65kg/HL, GMP, 150€/t",,,,,,,,,,,,,,,,,,,,,
26,04.09.2023,demand,peas,,URL,,,,,,,,,,,"feed, green-yelow, FCA west SK, 10-12/2023, 220€/t",,,,,,,,,,,,,,,,,,,,,
27,04.09.2023,demand,rye,,URL,,,,,,,,,,,bez dopytu,,,,,,,,,,,,,,,,,,,,,
28,04.09.2023,demand,triticale,,URL,,,,,,,,,,,bez dopytu,,,,,,,,,,,,,,,,,,,,,
29,04.09.2023,demand,horse bean,,URL,,,,,,,,,,,"FCA west SK, 10-12/2023, 280€/t",,,,,,,,,,,,,,,,,,,,,
30,04.09.2023,demand,barley,,RWA,,,,,,,,,,,"62kg/HL, GMP, 135-140€/t",,,,,,,,,,,,,,,,,,,,,
31,04.09.2023,demand,barley,,RWA,,,,,,,,,,,"65kg/HL, GMP, 150€/t",,,,,,,,,,,,,,,,,,,,,
32,04.09.2023,demand,maize,,RWA,,,,,,,,,,,"14,5/8/2, iscc, gmp, 4Q/2023 + 1Q/2024, 150-160€/t ",,,,,,,,,,,,,,,,,,,,,
33,04.09.2023,demand,oats,,RWA,,,,,,,,,,,46kg/HL,,,,,,,,,,,,,,,,,,,,,
34,04.09.2023,demand,wheat,,RWA,,,,,,,,,,,"12-13% protein, horšia objemovka, FCA sever SK",,,,,,,,,,,,,,,,,,,,,
35,05.09.2023,offer,wheat,,Branko,,,,,,,,,,,"13,5-15,5%protein, 72-74kg/HL, FCA Zvolen+20km, 100-150t, 185€/t",,,,,,,,,,,,,,,,,,,,,
36,05.09.2023,offer,wheat,,Branko,,,,,,,,,,,"12/80/300, FCA Topolčany+20km, 200-250t, 9-10/2023, 192€/t",,,,,,,,,,,,,,,,,,,,,
37,05.09.2023,offer,barley,,Branko,,,,,,,,,,,"60kg/HL, GMP, FCA Piešťany, 130-150t 9-10/2023, 145€/t",,,,,,,,,,,,,,,,,,,,,
38,05.09.2023,offer,oats,,Branko,,,,,,,,,,,"48kg/HL, 75t, FCA Topolčany+20km, 1-2/2024, 265€/t",,,,,,,,,,,,,,,,,,,,,
39,05.09.2023,demand,sunflower LO,,Viterra,,,,,,,,,,,"sunflower LO, FCA west SK 330€/t, 10-12/2023",,,,,,,,,,,,,,,,,,,,,
40,05.09.2023,demand,sunflower HO,,Viterra,,,,,,,,,,,"sunflower HO, FCA west SK 345€/t, 10-12/2023",,,,,,,,,,,,,,,,,,,,,
41,05.09.2023,demand,wheat,,URL,,,,,,,,,,,"12/76/220, FCA west SK, 200t, 9-10/2023, 185-190€/t",,,,,,,,,,,,,,,,,,,,,
42,05.09.2023,demand,wheat,,Corntrans,,,,,,,,,,,"13-13,5%, 72kg/HL, promt, FCA nord-west SK, 175€/t",,,,,,,,,,,,,,,,,,,,,
43,05.09.0203,demand,durum,,Fiebig,,,,,,,,,,,"12,5/78/220/75, 5%GB, CPT Alsleben, 1-3/2024, 405€/t",,,,,,,,,,,,,,,,,,,,,
44,05.09.2023,demand,durum,,Fiebig,,,,,,,,,,,"12,5/72/160/75, 5%GB, CPT Alsleben, 9-10/23, 265-370€/t",,,,,,,,,,,,,,,,,,,,,
45,05.09.2023,demand,wheat,,Fiebig,,,,,,,,,,,"13/71/160, CPT Alsleben, 9-10/23, 210€/t",,,,,,,,,,,,,,,,,,,,,
46,05.09.2023,demand,wheat,,Fiebig,,,,,,,,,,,"12,5/76/220, CPT Erfurt/Leipzig, 1-6/2024, 243-247€/t",,,,,,,,,,,,,,,,,,,,,
47,05.09.2023,offer,rye,,Branko,,,,,,,,,,,"rye, 68/220, FCA Nitra +20km, 9-10/2025, 300-500t, 230€/t",,,,,,,,,,,,,,,,,,,,,
48,05.09.2023,demand,wheat,,URL,,,,,,,,,,,"wheat, 14/78/300, 75t, 215-220€/t, 9/2023 ",,,,,,,,,,,,,,,,,,,,,
49,05.09.2023,demand,rapeseed,,Mauthner,,,,,,,,,,,"rapeseed demand, FCA Zvolen/Levice 400€/t, Trnava 405€/t, 9/2023",,,,,,,,,,,,,,,,,,,,,
50,05.09.2023,demand,sunflower,,Mauthner,,,,,,,,,,,"sunflower LO demand, FCA Trnava 315€/t, FCA Levice, Zvolen 305€/t, 10-12/2023",,,,,,,,,,,,,,,,,,,,,
51,05.09.2023,demand,sunflower HO,,Mauthner,,,,,,,,,,,"sunflower HO demand, FCA Trnava 345€/t, FCA Levice, Zvolen 335€/t, 10-12/2023",,,,,,,,,,,,,,,,,,,,,
52,07.09.2023,demand,durum,,Fiebig,,,,,,,,,,,"durum, 12,5/78/220/75, CPT Bad Langensalza, 500-1000t, 9-12/2023, 380€/t",,,,,,,,,,,,,,,,,,,,,
53,07.09.2023,offer,wheat,,Marcel,,,,,,,,,,,"wheat, 12,5/76/250, FCA Nitra+30km, 1-2/2024, 220€/t",,,,,,,,,,,,,,,,,,,,,
54,07.09.2023,offer,wheat,,Marcel,,,,,,,,,,,"wheat 12,5/76/250, 11-12/2023, FCA Šurany, 200-300t, 220€/t",,,,,,,,,,,,,,,,,,,,,
55,07.09.2023,offer,feedrye,,Dušan,,,,,,,,,,,"feedrye, 69kg/HL, 370t, FCA Liptovsky Mikuláš, 9-10/2023, 130€/t",,,,,,,,,,,,,,,,,,,,,
56,07.09.2023,offer,wheat,,Andrej,,,,,,,,,,,"wheat, 12,5-14/78/400, Gluten 27-29%, 1000t, 9-10/2023, FCA Zvolen",,,,,,,,,,,,,,,,,,,,,
57,07.09.2023,offer,wheat,,Marcel,,,,,,,,,,,"feedwheat, 10,3/76, 200t, FCA Velký Krtíš, 9-10/2023",,,,,,,,,,,,,,,,,,,,,
58,07.09.2023,offer,barley,,Marcel,,,,,,,,,,,"feedbarley, 9,9/63-68, FCA Lučenec, 200t, 9-10/2023",,,,,,,,,,,,,,,,,,,,,
59,07.09.2023,offer,rye,,Marcel,,,,,,,,,,,"rye, 72/270, 9%protein, 400t, FCA Komárno, 9-10/2023",,,,,,,,,,,,,,,,,,,,,
60,07.09.2023,offer,wheat,,Marcel,,,,,,,,,,,"wheat,13,8-14/80/300, 100t, FCA Komárno, 9-10/2023",,,,,,,,,,,,,,,,,,,,,
61,07.09.2023,offer,wheat,,Marcel,,,,,,,,,,,"wheat, 12,9-13,4/80/300, 75t, FCA Šurany, 9-10/2023",,,,,,,,,,,,,,,,,,,,,
62,07.09.2023,offer,barley,,Dušan,,,,,,,,,,,"barley, 9,9-11%/63-68kg, 250t, FCA Zvolen, 9-10/2023",,,,,,,,,,,,,,,,,,,,,
63,07.09.2023,offer,wheat,,Dušan,,,,,,,,,,,"wheat, 10,3-10,6/76/220, Gluten 16,2-18,8%, FCA Zvolen, 9-10/2023",,,,,,,,,,,,,,,,,,,,,
64,07.09.2023,demand,wheat,,URL,,,,,,,,,,,"wheat 13/78/300, FCA west SK, 500-1000t, 220-225€/t, 9-12/2023, test truck",,,,,,,,,,,,,,,,,,,,,
65,08.09.2023,offer,wheat,,Grman,,,,,,,,,,,"wheat 12,5/77/250, FCA Levice+25km, 9-12/2023, 500t, 220€/t, 1x test truck promt",,,,,,,,,,,,,,,,,,,,,
66,08.09.2023,offer,wheat,,Grman,,,,,,,,,,,"wheat 15/78/300, W300, FCA Bratislava + 30km, 9-10/2023, 300€/t",,,,,,,,,,,,,,,,,,,,,
67,11.09.2023,offer,wheat,,Branko,,,,,,,,,,,"wheat, 12/80/300, FCA Topolčany+20km, 200t, 9-10/2023, 195€/t",,,,,,,,,,,,,,,,,,,,,
68,11.09.2023,offer,wheat,,Alenka,,,,,,,,,,,"wheat, 12,5/77/250, FCA Topoľčany+20km, 500t, 1-3/2023, 220€/t",,,,,,,,,,,,,,,,,,,,,
69,11.09.2023,offer,wheat,,Alenka,,,,,,,,,,,"wheat, 12,9-13,2/78/250, FCA Nitra+20km, 300t, 9/23-10.12.2023, 215€/t",,,,,,,,,,,,,,,,,,,,,
70,11.09.2023,offer,wheat,,Marcel,,,,,,,,,,,"wheat, 12,5/78/250, FCA Levice+20km, 500t, 9-12/2023, 207€/t",,,,,,,,,,,,,,,,,,,,,
71,11.09.2023,offer,triticale,,Robert,,,,,,,,,,,"triticale, 68kg/HL, GMP, CPT Vienna+50km, 200-300t, 9-10/2023, ???€/t",,,,,,,,,,,,,,,,,,,,,
72,11.09.2023,offer,barley,,Robert,,,,,,,,,,,"barley, 62kg/HL, GMP+, CPT Vienna+50km, 200t, 9-10/2023, ???€/t ",,,,,,,,,,,,,,,,,,,,,
73,11.09.2023,demand,wheat,,Rainer,,,,,,,,,,,"wheat, 11/76/220, FCA Trnava, 1000t, 1-3/2024, 160€/t",,,,,,,,,,,,,,,,,,,,,
74,11.09.2023,demand,durum,,Harald,,,,,,,,,,,"durum, 13/78/250/80, 6%gb, CPT Alsleben 390-395€/t, 1-3/2024",,,,,,,,,,,,,,,,,,,,,
75,11.09.2023,demand,maize,,Nidera,,,,,,,,,,,"maize, 14,5/8/2, 1500don, 5afla, FOB Kližská Nemá, 170€/t - 1/24, 172,5€/t - 2/24, 173,7€/t -3/24",,,,,,,,,,,,,,,,,,,,,
76,11.09.2023,offer,rapeseed,,Branko,,,,,,,,,,,"rapeseed, 1,000 t, FCA TT +20, 460€/t,1-3/23",,,,,,,,,,,,,,,,,,,,,
77,11.09.2023,offer,sunflover,,Branko,,,,,,,,,,,"sunflower, 400 t,fca Trnava+20km,400€/t",,,,,,,,,,,,,,,,,,,,,
78,11.09.2023,offer,wheat,,Branko,,,,,,,,,,,"wheat, 400 t, 12,9/800/300 w 201, 4.q 23, fca Trnava+20km, 205€/t",,,,,,,,,,,,,,,,,,,,,
79,11.09.2023,offer,wheat,,Branko,,,,,,,,,,,"wheat, 600 t,13,8/800/300 w 243,4.q 23, fca Trnava+20km,225€/t",,,,,,,,,,,,,,,,,,,,,
80,11.09.2023,offer,durum,,Branko,,,,,,,,,,,"durum, 250t,14,3/840/300/89,fca Piestany+20km, promt",,,,,,,,,,,,,,,,,,,,,
81,11.09.2023,demand,wheat,,Johann,,,,,,,,,,,"wheat, 14/78/300, FCA Trnava, 240-250€/t, 9-12/2023",,,,,,,,,,,,,,,,,,,,,
82,11.09.2023,offer,wheat,,Milan,,,,,,,,,,,"11,8%protein",,,,,,,,,,,,,,,,,,,,,
83,12.10.2023,offer,wheat,,Milan,,,,,,,,,,,"wheat, 1200t, 11%Protein, FCA Martin-SK+20km, 10-12/2023",,,,,,,,,,,,,,,,,,,,,
84,12.10.2023,offer,durum,,Dusan,,,,,,,,,,,"durum, 1000t, FCA Hlohovec+20km, 10-12/2023",,,,,,,,,,,,,,,,,,,,,
85,12.10.2023,offer,triticale,,Dusan,,,,,,,,,,,"triticale, 221t, 66-70kg/HL, iscc, gmp+, FCA Martin +20km, 10-12/2023, (70t = 66kg/HL, 150t = 69-70kg/HL)",,,,,,,,,,,,,,,,,,,,,
86,12.10.2023,offer,soya,,Dusan,,,,,,,,,,,"soya, 500t, iscc, gmp+, FCA Hlohovec+20km, 10-12/2023",,,,,,,,,,,,,,,,,,,,,
87,12.10.2023,offer,soya,,Dusan,,,,,,,,,,,"soya, 100t, iscc, gmp, FCA Prievidza+20km, 10-12/2023",,,,,,,,,,,,,,,,,,,,,
88,12.10.2023,offer,wheat,,Sylvia,,,,,,,,,,,"wheat, 500t, 12/76/220, FCA Nove Zamky+20km, 1-3/2023, 190€/t",,,,,,,,,,,,,,,,,,,,,
89,12.10.2023,offer,durum,,Grman,,,,,,,,,,,"durum, 1000t, 14/80/300/80, FCA Senec+20km, 1-3/2024 - 340€/t, 10-12/2023 - 330€/t ",,,,,,,,,,,,,,,,,,,,,
90,12.10.2023,offer,wheat,,Alenka,,,,,,,,,,,"wheat, 200t, 11/74, FCA Nitra+20km, 10-11/2023, 1-3/2024",,,,,,,,,,,,,,,,,,,,,
91,12.10.2023,offer,wheat,,Alenka,,,,,,,,,,,"wheat, CROP2024, 1000t, 12/76/220, FCA area Nitra-Topolcany, 7-8/2024",,,,,,,,,,,,,,,,,,,,,
92,,,,,,,,,,,,,,,,,,,,,,,,,,,,,,,,,,,,,
93,16.10.2023,demand,wheat,,Rainer,,,,,,,,,,,"krmna psenica 72kg, iscc, gmp, 1-3/2023, FCA ZSK, 150-155€/t",,,,,,,,,,,,,,,,,,,,,
94,16.10.2023,demand,barley,,Rainer,,,,,,,,,,,"krmny jacmen 62kg/HL, GMP, FCA ZSK, 1-3/2024 - 138€/t, 11-12/2023 - 135€/t, ",,,,,,,,,,,,,,,,,,,,,
95,16.10.2023,demand,maize,,Rainer,,,,,,,,,,,"kukurica 14,5/8/2, gmp, iscc, FCA ZSK, 150-155€/t, 1-3/24",,,,,,,,,,,,,,,,,,,,,
96,16.10.2023,demand,wheat,,Rainer,,,,,,,,,,,"pšenica 11/76/220, FCA ZSK, 160€/t, 1-3/2024",,,,,,,,,,,,,,,,,,,,,
97,30.10.2023,offer,durum,,Branko,,,,,,,,,,,"durum 13/780/260/75, ľťét FCA TV, 295€/t, 8-10/24",,,,,,,,,,,,,,,,,,,,,
98,30.10.2023,offer,raps,,Branko,,,,,,,,,,,"raps, 40/8/3, 500 t, FCA NM, 420€/t",,,,,,,,,,,,,,,,,,,,,
99,30.10.2023,offer,durum,,Branko,,,,,,,,,,,"durum 13/800/75/300, 250 -300t,FCA NR +20km, 1-3/2023, 320€/t",,,,,,,,,,,,,,,,,,,,,
100,30.10.2023,offer,wheat,,Branko,,,,,,,,,,,"wheat 11,8-12,5/820/300, 200+200t , 176€/t do 15.12.2023 + 182€/t do 15.2.2024 FCA TO+20km",,,,,,,,,,,,,,,,,,,,,
101,30.10.2023,offer,wheat,,Branko,,,,,,,,,,,"wheat 11,5/800/300, 200t, 170€/t do 15.12.2023 + 10,5/780/300 ARCEOS 180€/t 2/2024, FCA PN +20km",,,,,,,,,,,,,,,,,,,,,
102,30.10.2023,offer,wheat,,Branko,,,,,,,,,,,"durum 13/780/260/75, 4.000 t, 9-10/2024, FCA TV, možnosť vlakov, 305€/t",,,,,,,,,,,,,,,,,,,,,
103,29.1.2024,offer,wheat,,Szabolcs,,,,,,,,,,,"wheat, STN E, 500t, FCA Komárno-Ostrihom",Búč,,,,,,,,,,,,,,,,,,,,
104,29.1.2024,offer,maize,,Szabolcs,,,,,,,,,,,"maize 300t, FCA Komárno-Ostrihom",Búč,,,,,,,,,,,,,,,,,,,,
105,29.1.2024,offer,maize,,Szabolcs,,,,,,,,,,,"feedwheat, 500t, FCA Dun.Streda",Topoľníky,,,,,,,,,,,,,,,,,,,,
106,29.1.2024,offer,wheat,,Szabolcs,,,,,,,,,,,"maize, 500t, FCA Dun.Streda",Topoľníky,,,,,,,,,,,,,,,,,,,,
107,29.1.2024,offer,durum,,Szabolcs,,,,,,,,,,,"durum, 11,5/85/220/80, FCA Kolárovo, 600t, 2-3/2024",,,,,,,,,,,,,,,,,,,,,
108,29.1.2024,offer,sorghum,,Szabolcs,,,,,,,,,,,"sorghum rot(červený cirok), 500t, FCA Kolárovo, 2-3/2024, 150€/t",,,,,,,,,,,,,,,,,,,,,
109,29.1.2024,offer,sunflower,,Braňo,,,,,,,,,,,"sunflower low oleic, black, 500t, FCA Trebišov, 10-11/2024, 370€/t???",,,,,,,,,,,,,,,,,,,,,
110,29.1.2024,offer,wheat,,Braňo,,,,,,,,,,,"wheat, Arkeos, 10,5/76/220, FCA Piešťany +20km, 100t, 180€/t",,,,,,,,,,,,,,,,,,,,,
111,29.1.2024,offer,oats,,Braňo,,,,,,,,,,,"oats feed, yelow, 48kg/HL, 25t, FCA Topolčany +20km, 2/2024, 275€/t ",,,,,,,,,,,,,,,,,,,,,
112,29.1.2024,offer,durum,,Braňo,,,,,,,,,,,"durum, 13/80/250/75, 150t, FCA Trnava+20km, 2-3/2024, 325€/t",,,,,,,,,,,,,,,,,,,,,
113,29.1.2024,offer,barley,,Braňo,,,,,,,,,,,"barley 65kg/HL, FCA Trnava+20km, 2-3/2024, 50t, 150€/t",,,,,,,,,,,,,,,,,,,,,
114,29.1.2024,offer,barley,,Braňo,,,,,,,,,,,"Xbarley 58kg/HL, FCA Piešťany + 20km, 50t, 2-3/2024, 140€/tX",,,,,,,,,,,,,,,,,,,,,
115,29.1.2024,offer,maize,,Braňo,,,,,,,,,,,"Xmaize, 14,5/8/2, iscc, gmp, FCA Piešťany + 20km, 163€/t, 200t X",Braňo predal Dušanovi,,,,,,,,,,,,,,,,,,,,
116,29.1.2024,offer,millet,,Braňo,,,,,,,,,,,"millet(proso), 200t, FCA Šahy, 2-3/2024, 283€/t",,,,,,,,,,,,,,,,,,,,,
117,29.1.2024,offer,rapeseed,,Braňo,,,,,,,,,,,"Xrapeseed, 40/9/2, iscc, gmp, FCA Topolčany+20km, 2-3/2024, 425€/tX",Braňo predal na Enviral,,,,,,,,,,,,,,,,,,,,
118,29.1.2024,offer,pšenica,,Milan,,,,,,,,,,,"13-14%/?/?, 2000t, FCA Levice-Krupina, price? , 2-4/2024",Horné Semerovce,,,,,,,,,,,,,,,,,,,,
119,29.1.2024,offer,repka,,Milan,,,,,,,,,,,"40/9/2, iscc, gmp, 500t, FCA Levice-Krupina, price?, 2-4/2024",Horné Semerovce,,,,,,,,,,,,,,,,,,,,
120,29.1.2024,offer,maize,,Milan,,,,,,,,,,,"maize,14,5/8/2, iscc, gmp, FCA Levice-Krupina, 2-4/2024, 2000t",Horné Semerovce,,,,,,,,,,,,,,,,,,,,
121,29.1.2024,offer,wheat,,Milan,,,,,,,,,,,"12,5-13% FCA Levice, 2-4/2024, 1500t",Kukučínov,,,,,,,,,,,,,,,,,,,,
122,30.01.2024,offer,wheat,,Braňo,,,,,,,,,,,"wheat, 13,5/80/300, 200t, FCA Nové Zámky+20km, 2/24 - 15.3.2024, 205€/t",Imeľ,,,,,,,,,,,,,,,,,,,,
123,30.01.2024,offer,wheat,,Braňo,,,,,,,,,,,"12,5/80/250, 300t, FCA Nové Zámky+20km ",Imeľ,,,,,,,,,,,,,,,,,,,,
124,30.01.2024,offer,wheat,,Braňo,,,,,,,,,,,"12/80/300, 300t, FCA Nové Zámky+20km",Imeľ,,,,,,,,,,,,,,,,,,,,
125,30.01.2024,offer,maize,,Braňo,,,,,,,,,,,"XFIX PONUKA  - 14,5/8/2,GMP, ISCC, FCA TT+20km, 2/2024, 100t, 160€/tX",Braňo predal Dušanovi,,,,,,,,,,,,,,,,,,,,
126,1.2.2024,offer,barley,,Milan,,,,,,,,,,,"barley 62kg/HL, FCA Nitra, 100t, 2-3/2024",Pohranice,,,,,,,,,,,,,,,,,,,,
127,1.2.2024,offer,wheat,,Braňo,,,,,,,,,,,"wheat ARKEOS, 300t, 10,5/78/220, FCA Levice+20km, 2/2024",,,,,,,,,,,,,,,,,,,,,
128,1.2.2024,offer,wheatbran,,Majo,,,,,,,,,,,"wheatbran bulk, EU origin, 4-6/2024, 100t per Month","FCA Litomerice 2650kč, FCA Kyjov 2350kč, ",,,,,,,,,,,,,,,,,,,,
129,05.02.2024,offer,rapeseed,,Milan,,,,,,,,,,,"40/9/2, iscc, gmp, 100t, FCA Zlaté Moravce, price?, 2-4/2024",FCA Hosťovce,,,,,,,,,,,,,,,,,,,,
130,05.02.2024,offer,wheat,,Milan,,,,,,,,,,,"XFeedwheat, 72kg/HL, 200t, FCA Nitra X",predal inému partnerovi,,,,,,,,,,,,,,,,,,,,
131,05.02.2024,offer,barley,,Milan,,,,,,,,,,,"XFeedbarley, 62kg/HL, FCA Nitra X",predal inému partnerovi,,,,,,,,,,,,,,,,,,,,
132,05.02.2024,offer,wheat,,Milan,,,,,,,,,,,"Feedwheat, 72kg/HL, 1000t, FCA Rim.Sobota +15km",FCA Ožďany,,,,,,,,,,,,,,,,,,,,
133,05.02.2024,offer,wheat,,Milan,,,,,,,,,,,"Feedwheat, 72kg/HL, 50t, FCA Šahy +15km",FCA Dudince,,,,,,,,,,,,,,,,,,,,
134,06.02.2024,offer,maize,,Petro,,,,,,,,,,,"maize, 12.000t, FCA Levice, 2-6/2024",FCA Kalná nad Hronom,,,,,,,,,,,,,,,,,,,,
135,06.02.2024,offer,wheat,,Petro,,,,,,,,,,,"wheat 14/78/300, 500t FCA Levice+30km, 500t FCA Dun.Streda +30km, 500t FCA Trnava+50km, 7-9/2024 ",Donaufarm,,,,,,,,,,,,,,,,,,,,
136,06.02.2024,offer,sunflower HO,,Petro,,,,,,,,,,,"sunflower HO, 500t FCA Velký Meder+20km, 9-10/2024",Sokolce,,,,,,,,,,,,,,,,,,,,
137,06.02.2024,offer,sunflower HO,,Petro,,,,,,,,,,,"sunflower HO, 500t FCA Šala+20km, 9-10/2024",Selice,,,,,,,,,,,,,,,,,,,,
138,06.02.2024,offer,sunflower HO,,Petro,,,,,,,,,,,"sunflower HO, 500t FCA Dun.Streda+20km, 9-10/2024",,,,,,,,,,,,,,,,,,,,,
139,06.02.2024,offer,wheat,,Petro,,,,,,,,,,,"wheat, 14/78/300, FCA Nové Zámky + 20km, 2-4/2024",FCA Jasová,,,,,,,,,,,,,,,,,,,,
140,08.02.2024,offer,durum,,Braňo,,,,,,,,,,,"durum, 13/78/300/30, FCA Piešťny + 20km, 250t, 265€/t",,,,,,,,,,,,,,,,,,,,,
141,09.02.2024,offer,durum,,Braňo,,,,,,,,,,,"durum, 13/78/220/75, FOR train east SK, 8-9/2024, 1850t, 305€/t",FCA Úpor,,,,,,,,,,,,,,,,,,,,
142,10.02.2024,offer,durum,,Braňo,,,,,,,,,,,"durum, 13/78/220/75, FCA Levice+20km, 400t, ex crop, 305€/t",,,,,,,,,,,,,,,,,,,,,
143,11.02.2024,offer,rapeseed,,Braňo,,,,,,,,,,,"rapeseed, 40/9/2, iscc, gmp, FCA Topolčany+20km, 7-8/2024, 410€/t",,,,,,,,,,,,,,,,,,,,,
144,13.2.2024,offer,wheat,,Dusan,,,,,,,,,,,"wheat, 72-73kg/HL, 11,5%protein, 25gluten, 40zeleny, FCA Horne Otrokovce, 2-3/24",,,,,,,,,,,,,,,,,,,,,
145,19.2.2024,offer,wheat,,Braňo,,,,,,,,,,,"wheat, 12,5/77/250, FCA Trebišov, 8-10/2024, 500-1000t",,,,,,,,,,,,,,,,,,,,,
146,19.2.2024,offer,durum,,Braňo,,,,,,,,,,,"durum, 13/78/250/75, FCA/FOR Trebišov, 8-10/2024, 1850t, train or trucks",,,,,,,,,,,,,,,,,,,,,
147,19.2.2024,offer,maize,,Braňo,,,,,,,,,,,"maize non gmo, iscc, gmp, 14,5/8/2, FCA Trebišov, 10-11/24, 500t",,,,,,,,,,,,,,,,,,,,,
148,19.2.2024,offer,soybeans,,Braňo,,,,,,,,,,,"soybeans non gmo, iscc, gmp, FCA Trebišov, 10-11/2024, 500-1000t",,,,,,,,,,,,,,,,,,,,,
149,19.2.2024,offer,rapeseed,,Braňo,,,,,,,,,,,"rapeseed, iscc, gmp, 40/9/2, FCA Trebišov, ex crop - 9/2024, 500t-1000t",,,,,,,,,,,,,,,,,,,,,
150,19.02.2024,offer,maize,,Braňo,,,,,,,,,,,"maize, non gmo, iscc, gmp, FCA Trebišov, 2-3/2024, 200t",,,,,,,,,,,,,,,,,,,,,
151,20.02.2024,offer,wheat,,Dušan,,,,,,,,,,,"wheat, 13,9/79/350, 48zeleny, 30,7gluten, 2100t, FCA Dunajská Streda +20km, 2-6/2024, 500t","2100t, Jahodná",,,,,,,,,,,,,,,,,,,,
152,20.02.2024,offer,wheat,,Dušan,,,,,,,,,,,"wheat, 13,6/80/350, 58zeleny, 29,6gluten, FCA Dunajská Streda+20km, 2-6/2024, 500t","1690t, Tomášikovo",,,,,,,,,,,,,,,,,,,,
153,20.02.2024,offer,wheat,,Dušan,,,,,,,,,,,"wheat, 15/81/380, 59zeleny, 34gluten, FCA Gabčíkovo, 2-6/2024, 500t","1600t, Gabčíkovo",,,,,,,,,,,,,,,,,,,,
154,20.02.2024,offer,wheat,,Dušan,,,,,,,,,,,"wheat, 13,5/79/320, 47zeleny, 29gluten, FCA Martin, 2-6/2024, 600t",600t,,,,,,,,,,,,,,,,,,,,
155,21.02.2023,offer,wheat,,Braňo,,,,,,,,,,,"wheat, 13/80/300, FCA Trnava+20km, 3-4/24, 400-450t",,,,,,,,,,,,,,,,,,,,,
156,22.02.2024,offer,durum,,Petro,,,,,,,,,,,"durum, 13/78/220/75, 5%GB, 7-9/2024, 275€/t, FCA Dun.Streda",Sunflower,,,,,,,,,,,,,,,,,,,,
157,23.02.2024,offer,wheat,,Milan,,,,,,,,,,,"wheat, 11/76/220, FCA Košice+20km, 500t, 3-4/2024, 172€/t",,,,,,,,,,,,,,,,,,,,,
158,27.02.2024,offer,durum,,Braňo,,,,,,,,,,,"durum, 13/78/250/75, FCA Topolčany+20km, 7-9/2024, 200t",,,,,,,,,,,,,,,,,,,,,
159,27.02.2024,offer,rapeseed ,,Braňo,,,,,,,,,,,"rapeseed, 40/9/2, ISCC, GMP, FCA Topolčany+20km, 7-10/2024, 410€/t",,,,,,,,,,,,,,,,,,,,,
160,27.02.2024,offer,wheat,,Braňo,,,,,,,,,,,"wheat ARKEOS, 100-150t, 10,5/76/220, FCA Pieštany+20km, 2-3/2024",,,,,,,,,,,,,,,,,,,,,
161,04.03.2024,offer,sunflower,,Peťo Petro,,,,,,,,,,,"sunflower seed L.O., FCA Nové Zámky, 3000t, 9-10/2024",Agronatur Jasová,,,,,,,,,,,,,,,,,,,,
162,04.03.2024,offer,spelt,,Milan,,,,,,,,,,,"spelt with hulls, 500t, FCA Krupina-SK+20km, 3-5/2024",,,,,,,,,,,,,,,,,,,,,
163,04.03.2024,offer,rapeseed,,Milan,,,,,,,,,,,"rapeseed, 40/9/2, iscc, gmp. 500t, FCA Kripina-SK+/-20km, 7-8/2024",,,,,,,,,,,,,,,,,,,,,
164,04.03.2024,offer,oats,,Milan,,,,,,,,,,,"BIO oats, 200t, 7-9/2024, FCA Krupina-SK+/-20km",,,,,,,,,,,,,,,,,,,,,
165,05.03.2024,offer,wheat,,Milan,,,,,,,,,,,"feedwheat, 72kg/HL, 150t, FCA Rimavská Sobota, 3/2024",,,,,,,,,,,,,,,,,,,,,
166,05.03.2024,offer,maize,,Milan,,,,,,,,,,,"maize, 300t, FCA Rimavská Sobota, 3-4/2024",,,,,,,,,,,,,,,,,,,,,
167,05.03.2024,offer,wheat,,Milan,,,,,,,,,,,"wheat 11,5/76/220, 300t, FCA Rimavská Sobota, 3-4/2024",,,,,,,,,,,,,,,,,,,,,
168,05.03.2024,offer,barley,,Milan,,,,,,,,,,,"barley, 62kg/HL, 600t, FCA Rimavská Sobota, 7-8/2024",,,,,,,,,,,,,,,,,,,,,
169,05.03.2024,offer,rapeseed,,Peťo Petro,,,,,,,,,,,"rapeseed, 40/9/2, iscc, gmp, FCA Michalovce-SK+/-20km, 1900t, 3-5/2024, 430€/t",,,,,,,,,,,,,,,,,,,,,
170,05.03.2024,offer,rapeseed,,Peťo Petro,,,,,,,,,,,"rapeseed, 40/9/2, iscc, gmp, FCA Sarospatak-SK+/-20km, 2000t, 3-5/2024, 440€/t",,,,,,,,,,,,,,,,,,,,,
171,11.03.2024,offer,BIO maize,,Milan,,,,,,,,,,,BIO maize,,,,,,,,,,,,,,,,,,,,,
172,11.03.2024,offer,BIO wheat,,Milan,,,,,,,,,,,BIO wheat,,,,,,,,,,,,,,,,,,,,,
173,11.03.2024,offer,BIO barley,,Milan,,,,,,,,,,,BIO barley,,,,,,,,,,,,,,,,,,,,,
174,11.03.2024,offer,peas,,Milan,,,,,,,,,,,"peas, green/yellow, feed, GMP+, 500t, FCA Lučenec-Rimavská Sobota area, 8/2024",,,,,,,,,,,,,,,,,,,,,
175,11.03.2024,offer,wheat,,Milan,,,,,,,,,,,"wheat feed, 1000t, FCA Lučenec+20km, 7-8/2024, 140-145€/t",,,,,,,,,,,,,,,,,,,,,
176,11.03.2024,offer,rapeseed,,Peťo Petro,,,,,,,,,,,"rapeseed, ISCC, GMP, 40/9/2, FCA Senec+30km, 425€/t, ex crop 2024",,,,,,,,,,,,,,,,,,,,,
177,11.03.2024,offer,rye,,Milan,,,,,,,,,,,"rye, Zlaté Moravce, 300t, 3-4/2024, 145€/t",Nemčiňany,,,,,,,,,,,,,,,,,,,,
178,18.03.2024,offer,barley,,Kristína,,,,,,,,,,,"barley, 62kg/HL, FCA Gabčíkovo-SK, 3-4/2024 800t",,,,,,,,,,,,,,,,,,,,,
179,08.04.2024,offer,wheat,,,,,,,,,,,,,"wheat, 13/77/250, FCA Martin, 600t, 4-5/2024, 185€/t",,,,,,,,,,,,,,,,,,,,,
180,08.04.2024,offer,wheat,,,,,,,,,,,,,"wheat, 12-12,5/77/250, FCA Martin, 600t, 4-5/2024, 185€/t",,,,,,,,,,,,,,,,,,,,,
181,08.04.2024,offer,wheat,,,,,,,,,,,,,"wheat 13/78/250/2, 7-8/24, FCA Šurany-SK+/-20km",,,,,,,,,,,,,,,,,,,,,
182,09.04.2024,offer,wheat,,,,,,,,,,,,,"wheat 12,5-13/76-78/250/2, 690t, 4-6/2024, FCA Partizánske-SK+/-20km",,,,,,,,,,,,,,,,,,,,,
183,09.04.2024,offer,wheat,,,,,,,,,,,,,"wheat 13/78/250/2, 1027t, 4-6/2024, FCA Partizánske-SK+/-20km",,,,,,,,,,,,,,,,,,,,,
184,09.04.2024,offer,wheat,,,,,,,,,,,,,"wheat 14/79/250/2, 857t, 4-6/2024, FCA Partizánske-SK+/-20km",,,,,,,,,,,,,,,,,,,,,
185,09.04.2024,offer,durum,,,,,,,,,,,,,"durum, 13/78/220/75, 6%GB, FCA Velký Krtíš, 7-8/2024, 7-9/2024, Price???",,,,,,,,,,,,,,,,,,,,,
186,09.04.2024,offer,barley,,,,,,,,,,,,,"barley, 62kg, GMP, FCA Šahy -250t, FCA Šurany - 250t, 4/24 - 15.06.2024, 142€/t",,,,,,,,,,,,,,,,,,,,,
187,09.04.2024,offer,wheat,,,,,,,,,,,,,"feedwheat, 72kg, iscc, gmp+, 500t, 7-8/2024, FCA Martin",,,,,,,,,,,,,,,,,,,,,
188,09.04.2024,offer,maize,,,,,,,,,,,,,"maize, 14,5/8/2, 50t, FCA Piešťany, 167€/t, promt",,,,,,,,,,,,,,,,,,,,,
189,10.04.2024,offer,wheat,,Peťo Petro,,,,,,,,,,,"wheat 14/78/300, 1000t, FCA Nové Zámky+20km, 4-6/2024, Price???",,,,,,,,,,,,,,,,,,,,,
190,11.04.2024,offer,durum,,,,,,,,,,,,,"durum 13/78/250/75, 6%GB, FCA Bratislava+20km, 277€/t, 7-8/2024, 1000t",,,,,,,,,,,,,,,,,,,,,
191,20.05.2024,offer,wheat,,Milan,,,,,,,,,,,"feedwheat 72kg,100t, FCA Lučenec-Rimavska Sob., 7-8/2024, 165€/t  ",,,,,,,,,,,,,,,,,,,,,
192,20.05.2024,offer,wheat,,Milan,,,,,,,,,,,"wheat, 13/78/250, FCA Detva, 7-10/2024, 500t, 216€/t",,,,,,,,,,,,,,,,,,,,,
193,20.05.2024,offer,wheat,,Peťo,,,,,,,,,,,"wheat 12%, 12,5%, 13%, 1000t, FCA Dunajská Streda, 7-9/2024, Staffelkontrakt",,,,,,,,,,,,,,,,,,,,,
194,20.05.2024,offer,rye,,Dušan,,,,,,,,,,,"Feedrye ISCC, GMP+, FCA Rudno-Dubové(Martin) - 257t, FCA Lipt.Silenica - 340t, 5/24-15.6.2024",,,,,,,,,,,,,,,,,,,,,
195,21.05.2024,offer,wheat,,Dušan,,,,,,,,,,,"Feedwheat 72kg, iscc, gmp+, 450t wheat, FCA Mošovce, 7-12/2024",,,,,,,,,,,,,,,,,,,,,
196,21.05.2024,offer,wheat,,Dušan,,,,,,,,,,,"Feedwheat 72kg, iscc, gmp+, 2500t, FCA Dubové(Martin) - 1500t till 12/2024, 1000t till 05/2025  ",,,,,,,,,,,,,,,,,,,,,
197,21.05.2024,offer,wheat,,Dušan,,,,,,,,,,,"Feedwheat 72kg, iscc, gmp, 600t, FCA Liptovská Sielnica, 8-10/2024    ",,,,,,,,,,,,,,,,,,,,,
198,21.05.2024,offer,wheat,,,,,,,,,,,,,"Feedwheat 72kg, iscc, gmp, 1850t, FOR Nitra, 8-12/2024 or 1-3/2025",,,,,,,,,,,,,,,,,,,,,
199,21.05.2024,offer,wheat,,,,,,,,,,,,,"Wheat, 12,5/77/250, iscc, gmp, 1850t, FOR Nitra, 8-12/2024 or 1-3/2025",,,,,,,,,,,,,,,,,,,,,
200,21.05.2024,offer,wheat,,,,,,,,,,,,,"Wheat, 13/78/250, iscc, gmp, 1850t, FOR Nitra, 8-12/2024 or 1-3/2025",,,,,,,,,,,,,,,,,,,,,
201,21.05.2024,offer,barley,,Milan,,,,,,,,,,,"Feedbarley, 62kg/HL, GMP+, 200t, FCA Detva+20km, 155€/t, 7-8/2024",,,,,,,,,,,,,,,,,,,,,
202,21.05.2024,offer,sunflower,,Milan,,,,,,,,,,,"sunflower blacl LO, 44/9/2, FCA Velký Krtíš +20km, 9-10/2024, Price???",,,,,,,,,,,,,,,,,,,,,.
203,23.05.2024,offer,wheat,,Braňo,,,,,,,,,,,"wheat, 11, 12,5, 13%, FCA Nové Mesto nad Váhom, 1850t, 9-11/2024",,,,,,,,,,,,,,,,,,,,,
204,27.05.2024,offer,durum,,Braňo,,,,,,,,,,,"durum, 1.000 t, fca TV , 9 až 10/24, 13/78/260/75, + deduction system, 310€/t",,,,,,,,,,,,,,,,,,,,,
205,27.05.2024,offer,wheat,,Braňo,,,,,,,,,,,"wheat, 50 až 75 t, 12/79/230, delivery asap, fca PN+20, 190€/t,",,,,,,,,,,,,,,,,,,,,,
206,27.05.2024,offer,wheat,,Braňo,,,,,,,,,,,"wheat 1.500 t, 11,5/76/220 al. 12,5/78/260, fca Nove Mesto nad Vahom, 8/24-10/24, 195 €/t and. 207 €/t,",,,,,,,,,,,,,,,,,,,,,
207,27.05.2024,offer,barley,,Braňo,,,,,,,,,,,"barley, 100t - 200t, 62kg/HL, FCA Levoča and Poprad, 8-9/24, 140€/t??.",,,,,,,,,,,,,,,,,,,,,
208,31.05.2024,offer,wheat,,Braňo,,,,,,,,,,,"feedwheat 72kg, iscc, gmp, 75t, FCA Trebišov+20km, 185€/t, promt",,,,,,,,,,,,,,,,,,,,,
209,31.05.2024,offer ,wheat,,Braňo,,,,,,,,,,,"wheat 12,5/77/250, 300t, FCA Trebišov+20km, promt, 200€/t",,,,,,,,,,,,,,,,,,,,,
210,31.05.2024,offer,wheat,,Braňo,,,,,,,,,,,"feedwheat crop 23, 72kg, iscc, gmp, 50t, FCA Piestany+20km, promt - 7/24, 187€/t",,,,,,,,,,,,,,,,,,,,,
211,31.05.2024,offer,wheat,,Peťo,,,,,,,,,,,"wheat, 15/78/300, FCA Nove Zamky+20km, 600t, 6-8/24",,,,,,,,,,,,,,,,,,,,,
212,31.05.2024,offer,durum,,Kristina,,,,,,,,,,,"durum, 13/78/250/75,6%GB, 300-400t, FCA Gabcikovo+20km, 9-12/24",,,,,,,,,,,,,,,,,,,,,
213,31.05.2024,offer,oats,,Braňo,,,,,,,,,,,"oats yellow, feed, 47kg, FCA Topolčany+20km, till 15.6.2024, 230€/t",,,,,,,,,,,,,,,,,,,,,
214,21.06.2024,offer,wheat,,Braňo,,,,,,,,,,,"offer wheat, 13/78/250, FCA Bratislava, 7-8/2024, 250€/t",,,,,,,,,,,,,,,,,,,,,
215,23.07.2024,offer,wheat,,Peťo,,,,,,,,,,,"wheat 12,5/77/250, 800t, FCA Nitra+20km, 207€/t, 7-8/2024","Igi, Palacka, Lubos, Jozo, Rainer, Johann, Marschall, Reindl, Sunflower, Andrej",,,,,,,,,,,,,,,,,,,,
216,23.07.2024,offer,oats,,Peťo,,,,,,,,,,,"oats yellow, feed, 43-45kg/HL, 100t, FCA Malacky+20km, 7-8/2024","Igi, Palacka, Lubos, Jozo, Rainer, Johann, Marschall, Reindl, Sunflower, Andrej",,,,,,,,,,,,,,,,,,,,
217,23.07.2024,offer,rye,,Peťo,,,,,,,,,,,"milling rye 70kg/HL, 400FN, 100t, FCA Malacky+20km, 7-8/2024","Igi, Palacka, Lubos, Jozo, Rainer, Johann, Marschall, Reindl, Sunflower, Andrej",,,,,,,,,,,,,,,,,,,,
218,23.07.2024,offer,durum,,BG,,,,,,,,,,,"durum 14,5/79/300/74, FCA Surany+20km, 100t, 7-8/2024",,,,,,,,,,,,,,,,,,,,,
219,23.07.2024,offer,wheat,,AB,,,,,,,,,,,"feedwheat, 300t, iscc, gmp, 72kg/HL, bis 15.8.2024, FCA Senec+20km",,,,,,,,,,,,,,,,,,,,,
220,23.07.2024,offer,wheat,,Peťo,,,,,,,,,,,"wheat 11/76/220, 1500don, 300-400t, FCA Trebišov+20km",,,,,,,,,,,,,,,,,,,,,
221,23.07.2024,offer,durum,,Peťo,,,,,,,,,,,"durum, 12/78/230/75, 300-400t, FCA Trebišov+20km",,,,,,,,,,,,,,,,,,,,,
222,23.07.2024,offer,durum,,Braňo,,,,,,,,,,,"durum + soft wheat 10%, 13/78, FCA Rimavská Seč, 1000t,?",,,,,,,,,,,,,,,,,,,,,
223,24.07.2024,offer,wheat,,Mračno,,,,,,,,,,,"wheat 12/76/220, 150t, FCA Bojničky, 7-8/2024, 195€/t",,,,,,,,,,,,,,,,,,,,,
224,24.07.2024,offer,wheat,,Peťo,,,,,,,,,,,"wheat 11/76/220, 1000t, FCA Michalovce+25km, 8-9/2024",,,,,,,,,,,,,,,,,,,,,
225,24.07.2024,offer,wheat,,Peťo,,,,,,,,,,,"wheat 13-14/78/250, 1000t, FCA Michalovce+25km, 8-9/2024",,,,,,,,,,,,,,,,,,,,,
226,24.07.2024,offer,maize,,Peťo,,,,,,,,,,,"maize, 2000t, 10-12/2024, FCA Michalovce+25km",,,,,,,,,,,,,,,,,,,,,
227,24.07.2024,offer,soybeans,,Peťo,,,,,,,,,,,"soybeans non gmo, iscc, gmp, FCA Michalovce+25km, ex crop 2024, 500-1000t",,,,,,,,,,,,,,,,,,,,,
228,25.07.2024,offer,wheat,,Braňo,,,,,,,,,,,"wheat SACRAMENTO 11,5-12,5/74-76/400, 8-10/2024, 600t",,,,,,,,,,,,,,,,,,,,,
229,25.07.2024,offer,wheat,,Peťo,,,,,,,,,,,"wheat Genius 1400t, 12,6-15,8/77-80/310-400, 45-55Zeleny, FCA Zlate Moravce, 8/2024",,,,,,,,,,,,,,,,,,,,,
230,25.07.2024,offer,wheat,,Peťo,,,,,,,,,,,"wheat Hivento 1100t, 10,8-13/73-79/300, 42-50Zeleny, FCA Zlate Moravce, 8/2024",,,,,,,,,,,,,,,,,,,,,
231,25.07.2024,offer,wheat,,Peťo,,,,,,,,,,,"wheat Chiron 350t, 11,3-11,8/74-78/360, 39-43Zeleny, FCA Zlate Moravce, 8/2024",,,,,,,,,,,,,,,,,,,,,
232,25.07.2024,offer,wheat,,Peťo,,,,,,,,,,,"wheat Centurion 500t, 9,5-10,2/76/78/280-320, 29-33Zeleny, FCA Zlate Moravce, 8/2024",,,,,,,,,,,,,,,,,,,,,
233,26.07.2024,offer,durum,,Dusan,,,,,,,,,,,"durum, Sambadur, 12/80/230/74, 24,5pigment, 800t, FCA Hlohovec-Topolcany, 280€/t",,,,,,,,,,,,,,,,,,,,,
234,08.08.2024,offer,wheat,,Braňo,,,,,,,,,,,"wheat, 12/75/220, FCA Levice+20km, 200t, 8/2024",,,,,,,,,,,,,,,,,,,,,
235,08.08.2024,offer,wheat,,Coufal,,,,,,,,,,,"wheat, 11,5-12/80/300, FCA Rim.Sobota, 100t, 8/24",,,,,,,,,,,,,,,,,,,,,
236,03.09.2024,offer,durum,,Peťo,,,,,,,,,,,"durum, 12/78/250/80, FCA Trebišov, 300t, 9/2024",,,,,,,,,,,,,,,,,,,,,
237,03.09.2024,offer,durum,,Maxim,,,,,,,,,,,"durum, 12,5/78/230/55-80, FCA Michalovce, 1000t, 9/24",,,,,,,,,,,,,,,,,,,,,
238,03.09.2024,offer,wheat,,Ondro,,,,,,,,,,,"wheat 12,5/78/250, FCA Trnava+20km, 400t, 200-205€/t, 9/2024",,,,,,,,,,,,,,,,,,,,,
239,03.09.2024,offer,wheat,,Peťo,,,,,,,,,,,"wheat 11/76/220, FCA Velký Meder, 500t, 9/2024",,,,,,,,,,,,,,,,,,,,,
240,03.09.2024,offer,wheat,,Igi,,,,,,,,,,,"wheat, 14/78/300, 500t, 9-10/2024, FCA Fiľakovo+20km, 245€/t",,,,,,,,,,,,,,,,,,,,,
241,03.09.2024,offer,wheat,,Coufal,,,,,,,,,,,"wheat 12,5/77/250, 200t, FCA Nitra+20km, 191€/t, 9/2024",,,,,,,,,,,,,,,,,,,,,
242,03.09.2024,offer,wheat,,Ondro,,,,,,,,,,,"wheat 12,5/77/250, FCA Rim.Sobota, 400t, 9-10/24",,,,,,,,,,,,,,,,,,,,,
243,03.09.2024,offer,wheat,,Dušan,,,,,,,,,,,"wheat, 72kg, iscc, 1000t, FCA Hlohovec, 9-11/24, 172-173€/t",,,,,,,,,,,,,,,,,,,,,
244,03.09.2024,offer,wheat,,Peťo,,,,,,,,,,,"wheat 12-13/78/250, 600t FCA TT+20km, 196-197 eur, september, oktober","Malženice, Trebatice",,,,,,,,,,,,,,,,,,,,
245,10.10.2024,offer,durum,,Braňo,,,,,,,,,,,"durum 14/78/250/75, FCA Leopoldov+20km, 10/2024 - 15.11.2024, 50t, 280€/t","FCA Madunice, môžem to zavrieť aj za 270€/t",,,,,,,,,,,,,,,,,,,,
246,11.10.2024,offer,maize,,David,,,,,,,,,,,"1.indicative offer maize SK origin, non GMO, GMP, ISCC, 14,5/8/2, 3000don, 5afla, 215€/t, FCA Dunajská Streda +25km",FCA Sokolce,,,,,,,,,,,,,,,,,,,,
247,11.10.2024,offer,maize,,David,,,,,,,,,,,"2.indicative offer maize SK origin, non GMO, GMP, ISCC, 14,5/8/2, 3000don, 5afla, 215€/t, FCA Rimavská Sobota +15km",FCA Ožďany,,,,,,,,,,,,,,,,,,,,
248,11.10.2024,offer,wheat,,Coufal,,,,,,,,,,,"3.indicative offer 12/76/220, FCA Vráble+20km, 1-2/25, 210€/t, 250-500t",,,,,,,,,,,,,,,,,,,,,
249,11.10.2024,offer,wheat,,Certansky,,,,,,,,,,,"4.wheat 11%/76/220, 400t FCA Levice+25km, 10-11/2024, iscc, gmp",,,,,,,,,,,,,,,,,,,,,
250,11.10.2024,offer,wheat,,Coufal,,,,,,,,,,,"5.wheat Arkeos, 9,7/77,5/336, 225t, FCA Nové Mesto n.Váhom, 220€/t, 11/2024",,,,,,,,,,,,,,,,,,,,,
251,11.10.2024,offer,durum,,Braňo,,,,,,,,,,,"6.Durum, 13/78/230/75, 200t, FCA Nitra+20km, 10-11/2024, 10-11/2024, 270€/t",,,,,,,,,,,,,,,,,,,,,
252,11.10.2024,offer,durum,,Braňo,,,,,,,,,,,"7.Durum, 13,5/80/230/75, 125t, FCA Komárno+20km, 10-11/2024, ???€/t",,,,,,,,,,,,,,,,,,,,,
253,11.10.2024,offer,maize,,Alenka,,,,,,,,,,,"8.Maize, 14,5/8/2, iscc, gmp, 700t, FCA Nové Zámky+20km, 11-12/2024",,,,,,,,,,,,,,,,,,,,,
254,11.10.2024,offer,sorghum,,Alenka,,,,,,,,,,,"9.sorghum red, 15%moisture, 420t, FCA Nové Zámky+20km, 11-12/2024",,,,,,,,,,,,,,,,,,,,,
255,11.10.2024,offer,durum,,Coufal,,,,,,,,,,,"10.durum, 14/75/220/75, FCA Velký Krtíš+20km, 500t",FCA Sklabiná,,,,,,,,,,,,,,,,,,,,
256,16.11.2024,offer,wheat,,Peťo,,,,,,,,,,,"11.feedwheat, 150t, FCA Nitra+20km, 10/24-15.11.2024",,,,,,,,,,,,,,,,,,,,,
257,16.11.2024,offer,wheat,,Braňo,,,,,,,,,,,"12.feedwheat, 100t, FCA Zvolen, 10/24, 180€/t",,,,,,,,,,,,,,,,,,,,,
258,21.10.2024,offer,maize,,Ondrej,,,,,,,,,,,"13.kukurica, 300t, FCA Sládkovičovo, 11/24, 14,5/8/2, 1250don, 5ppb",,,,,,,,,,,,,,,,,,,,,
259,28.10.2024,offer,maize,,Braňo,,,,,,,,,,,"15.inidative offer maize, 14,5/8/2, iscc,gmp, FCA Vráble, 150-200t, till 15.11.2024, 205€/t",,,,,,,,,,,,,,,,,,,,,
260,28.10.2024,offer,wheat,,coufal,,,,,,,,,,,"16.indicative offer, wheat 13/78/250, 50t, FCA Myjava+30km, promt - 11/25  ",FCA Podbranč,,,,,,,,,,,,,,,,,,,,
261,28.10.2024,offer,wheat,,coufal,,,,,,,,,,,"17.indicative offer, wheat 12,5/77/230, 50t, FCA Kolarovo+20km, promt - 11/25 ",,,,,,,,,,,,,,,,,,,,,
262,28.10.2024,offer,durum,,Braňo,,,,,,,,,,,"18.indicative offer durum 14/82/250/80, FCA Nitra +40km, 1-4/2025, 292€/t",,,,,,,,,,,,,,,,,,,,,
263,28.10.2024,offer,wheat,,Dušan,,,,,,,,,,,"19.indicative offer wheat 12/76/220, FCA Sala+20km, 11/2024, 210€/t",,,,,,,,,,,,,,,,,,,,,
264,04.11.2024,offer,maize,,Sylvia,,,,,,,,,,,"20.indicative offer maize, 14,5/8/2, gmp, iscc, FCA Levice+20km, 11-12/2024, 2000t",,,,,,,,,,,,,,,,,,,,,
265,04.11.2024,offer,barley,,Peťo Petro,,,,,,,,,,,"21.indicative offer, feedbarley 62kg/HL, 175-200t, FCA Senec+20km, 11/2024, 173€/t",,,,,,,,,,,,,,,,,,,,,
266,04.11.2024,offer,wheat,,Peťo Petro,,,,,,,,,,,"22.indicative offer, wheat 12/76/220, FCA Dvory n.Žitavou+20km, 11/2024",,,,,,,,,,,,,,,,,,,,,
267,04.11.2024,offer,wheat,,Ondrej,,,,,,,,,,,"23.indicative offer, wheat 12,5/78/250, FCA Bánovce n.Bebravou, 200t, 11-12/2024",,,,,,,,,,,,,,,,,,,,,
268,05.11.2024,offer,wheat,,Ondrej,,,,,,,,,,,"24.indicative offer, wheat 13/78/250, FCA Bánovce n.Bebravou, 200t, 11-12/2024",,,,,,,,,,,,,,,,,,,,,
269,05.11.2024,offer,rapeseed,,Braňo,,,,,,,,,,,"25.indicative offer, rapeseed, 100-150t, FCA Topolčany, 1/25, 548€/t",,,,,,,,,,,,,,,,,,,,,
270,06.11.2024,offer,sorghum,,Miki,,,,,,,,,,,"26.indicative offer, white sorghum 15%moisture, 500-1000t, FCA Nitra, 11-12/2024, ???€/t",,,,,,,,,,,,,,,,,,,,,
271,11.11.2024,offer,wheat,,Miki,,,,,,,,,,,"27.indicative offer, wheat, 11/80/220, 800t, FCA Nitra+20km, 1-2/2025",Ivánka p.Nitre,,,,,,,,,,,,,,,,,,,,
272,11.11.2024,offer,durum,,Miki,,,,,,,,,,,"28.indicative offer, durum, 12,5-13/78/220/55-60, 200t, 1-2/2025, FCA Nitra+20km",Ivánka p.Nitre,,,,,,,,,,,,,,,,,,,,
273,13.11.2024,offer,barley,,Ondrej,,,,,,,,,,,"29.indicative offer, feedbarley, 62kg/HL, gmp+, 1250don, FCA Brno+20km, 11/24 - 13.12.2024 no extention. 300t, 178€/t",,,,,,,,,,,,,,,,,,,,,
274,14.11.2024,offer,durum,,Braňo ,,,,,,,,,,,"30.indicative offer, Durum, 25t, 14/75/230/75, 6%GB, FCA Nitra+20km, promt, 260€/t",,,,,,,,,,,,,,,,,,,,,
275,18.11.2024,offer,wheat,,Dušan,,,,,,,,,,,"31.indicative offer, wheat, 12/76/220, FCA Diakovce, 11-12/24 or 1-2/25, 207€/t, 200t.",,,,,,,,,,,,,,,,,,,,,
276,18.11.2024,offer,maize,,Coufal,,,,,,,,,,,"32.indicative offer, maize, iscc, gmp, FCA Šurany+20km, 11-12/2024, 200t",Dolný Oháj,,,,,,,,,,,,,,,,,,,,
277,18.11.2024,offer,maize,,Coufal,,,,,,,,,,,"33.indicative offer, maize, iscc, gmp, FCA Nové Zámky+20km, 11-12/2024, 1000t",,,,,,,,,,,,,,,,,,,,,
278,20.11.2024,offer,wheat,,Burdy,,,,,,,,,,,"34.indicative offer, feedwheat 72kg/HL, 500t, iscc, gmp, FCA Zlín area-CZ, 1Q/2025",192€/t Osadkowski,,,,,,,,,,,,,,,,,,,,
279,20.11.2024,offer,wheat,,Burdy,,,,,,,,,,,"35.indicative offer, millingwheat, 12/76/220, FCA Mikulov-CZ, 700t, 1.Q/2025",,,,,,,,,,,,,,,,,,,,,
280,20.11.2024,offer,wheat,,Sylvia,,,,,,,,,,,"36.indicative offer, millingwheat, 12,5/77/230, FCA Zlaté Moravce+20km, 175t, 1/2025",,,,,,,,,,,,,,,,,,,,,
281,20.11.2024,offer,sunflower,,Miki,,,,,,,,,,,"37.indicative offer, sunflower LO, 270t, FCA Nitra+20km, 11/24 - 3/25",,,,,,,,,,,,,,,,,,,,,
282,20.11.2024,offer,wheat,,Peto Kalnai,,,,,,,,,,,"37.indicative offer, millingwheat, 12,5/77/230, FCA Nitra, 500t, 11/24-13.12.2024, 225€/t",,,,,,,,,,,,,,,,,,,,,
283,20.11.2024,offer,wheat,,Juričák,,,,,,,,,,,"38.indicative offer, feedwheat 72kg/HL, after fumigation, dead insects inside!!!, GMP, ISCC, 50t, promt, FCA Havlíčkuv Brod-CZ, 4750Kc/t",,,,,,,,,,,,,,,,,,,,,
284,20.11.2024,offer,maize,,Ondrej,,,,,,,,,,,"34.indicative offer, maize, iscc, gmp, FCA Bratislava, 200t, promt",,,,,,,,,,,,,,,,,,,,,
285,20.11.2024,offer,sunflower,,Ondrej,,,,,,,,,,,"35.indicative offer, sunflower striped, FCA Bratislava, 150t, 1Q/2025",,,,,,,,,,,,,,,,,,,,,
286,20.11.2024,offer,barley,,Braňo,,,,,,,,,,,"36.indicative offer, feedbarley, 67kg/HL, GMP, 1250don, FCA Trnava+20km, 180€/t, 12/2024 - 1/2025",,,,,,,,,,,,,,,,,,,,,
287,26.11.2024,offer,durum,,Peťo Petro,,,,,,,,,,,"37.indicative offer, durum, min.13/72/220/65, average 14,1/74/220/71, 300t, FCA Piešťany+20km, 250€/t, 11-12/24",,,,,,,,,,,,,,,,,,,,,
288,03.12.2024,offer,rapeseed,,Miki,,,,,,,,,,,"38.indicative offer, repka 200t FCA Nitra+/-20km, 11/24-13.12.2024",,,,,,,,,,,,,,,,,,,,,
289,29.11.2024,offer,sorghum,,Miki,,,,,,,,,,,"39.indicative offer, sorghum red, 100-200t, FCA Nitra+25km, 11/24-13.12.2024",,,,,,,,,,,,,,,,,,,,,
290,29.11.2024,offer,durum,,Nicol,,,,,,,,,,,"40.indicative offer, durum, 12,5/78/220/80, 500t, FCA Velky Krtis+20km, 1-2/2025",,,,,,,,,,,,,,,,,,,,,
291,29.11.2024,offer,wheat,,Nicol,,,,,,,,,,,"41.indicative offer, wheat, 400t, 11,4/80/220, FCA Velky Krtis+20km, 1-2/25",,,,,,,,,,,,,,,,,,,,,
292,29.11.2024,offer,wheat,,Nicol,,,,,,,,,,,"42.indicative offer, wheat 13/80/250, FCA Velky Krtis, 1-2/2025, 125t",,,,,,,,,,,,,,,,,,,,,
293,03.12.2024,offer,feedbarley,,Ondrej,,,,,,,,,,,"43.indicative offer 100t, Feedbarley, FCA Trnava, 1/25",,,,,,,,,,,,,,,,,,,,,
294,03.12.2024,offer,feedbarley,,Ondrej,,,,,,,,,,,"44.indicative offer 50t, Feedwheat, FCA Trnava, 1/25",,,,,,,,,,,,,,,,,,,,,
295,03.12.2024,offer,wheat,,Ondrej,,,,,,,,,,,"45.indicative offer, 100-125t, wheat 12,5/77/250, FCA Kezmarok, promt till 13.12.2024",,,,,,,,,,,,,,,,,,,,,
296,03.12.2024,offer,wheat,,Ondrej,,,,,,,,,,,"46.indicative offer, 100t wheat, 12/76/220, FCA Uherske Hradiste-CZ, promt - 13.12.2024",,,,,,,,,,,,,,,,,,,,,
297,03.12.2024,offer,wheat,,Miki,,,,,,,,,,,"47.wheat, mix.11/80/220 - 12,5/80/220, FCA Nitra+20km, 500t, 1-2/2025",,,,,,,,,,,,,,,,,,,,,
298,04.12.2024,offer,barley,,allium,,,,,,,,,,,"48.75t, feedbarley. 60kg, FCA Trutnov-CZ, till 17.12.2024, 173€/t",,,,,,,,,,,,,,,,,,,,,
299,04.12.2024,offer,wheat,,allium,,,,,,,,,,,"49. 100t, wheat, 12/76/220,  FCA Prostejov-CZ west, 1/25, 5220kč(207,50€/t)",,,,,,,,,,,,,,,,,,,,,
300,04.12.2024,offer,wheat,,allium,,,,,,,,,,,"50.wheat, 12,5/77/250, 300t, FCA Melnik-Litomerice-CZ, 1-2/25",,,,,,,,,,,,,,,,,,,,,
301,08.01.2025,offer,durum,,Miki,,,,,,,,,,,"51.12,6-14,8/80/28-34/",,,,,,,,,,,,,,,,,,,,,
302,05.03.2025,offer,maize,,Sylvia,,,,,,,,,,,"52.maize, 14,5/8/2, 200t, FCA Bratislava+25km, 220€/t",,,,,,,,,,,,,,,,,,,,,
303,14.04.2025,offer,wheat,,Petro,,,,,,,,,,,"53.wheat offer 150t, FCA Nové Zámky+20km, 12/24/78/220, DON max.1000ppb, 4-5/2025",FCA Dolný Oháj,,,,,,,,,,,,,,,,,,,,
304,22.04.2025,offer,wheat,,Braňo,,,,,,,,,,,,,,,,,,,,,,,,,,,,,,,,
305,22.04.2025,offer,durum,,Braňo,,,,,,,,,,,,,,,,,,,,,,,,,,,,,,,,
306,22.04.2025,offer,durum,,Braňo,,,,,,,,,,,,,,,,,,,,,,,,,,,,,,,,
307,22.04.2025,offer,peas,,Braňo,,,,,,,,,,,,,,,,,,,,,,,,,,,,,,,,
308,22.04.2025,offer,peas,,Braňo,,,,,,,,,,,,,,,,,,,,,,,,,,,,,,,,
309,22.04.2025,offer,sorghum,,Braňo,,,,,,,,,,,,,,,,,,,,,,,,,,,,,,,,
310,22.04.2025,offer,maize,,Braňo,,,,,,,,,,,,,,,,,,,,,,,,,,,,,,,,
311,22.04.2025,offer,oats,,Braňo,,,,,,,,,,,,,,,,,,,,,,,,,,,,,,,,
312,22.04.2025,offer,rapeseed,,Braňo,,,,,,,,,,,,,,,,,,,,,,,,,,,,,,,,
313,22.04.2025,offer,sunflower,,Braňo,,,,,,,,,,,"54.wheat offer Arkeos bisquit wheat, 250t, 7-8/2025",,,,,,,,,,,,,,,,,,,,,
314,22.04.2025,offer,sunflower,,Braňo,,,,,,,,,,,"55.durum, 13/78/250/75, FCA Pieštany-Topolcany, 7-10/2025, 500t",,,,,,,,,,,,,,,,,,,,,
315,22.04.2025,offer,maize,,Stevlik,,,,,,,,,,,"56.durum, 12,5/78/220/75, FCA Bratislava+20km, 7-11/2025, 500t",,,,,,,,,,,,,,,,,,,,,
316,22.04.2025,offer,wheat,,Stevlik,,,,,,,,,,,"57.yellow peas, 200t, FCA Topolcany-Piestany, 8-9/2025",,,,,,,,,,,,,,,,,,,,,
317,22.04.2025,offer,wheat,,Burdy,,,,,,,,,,,"57.green peas, 200t, FCA Topolcany-Piestany, 8-9/2025",,,,,,,,,,,,,,,,,,,,,
318,22.04.2025,offer,rapeseed,,Burdy,,,,,,,,,,,"58.red sorghum, 250t, FCA Topolcany, 7-8/2025",,,,,,,,,,,,,,,,,,,,,
319,22.04.2025,offer,rapeseed,,Burdy,,,,,,,,,,,"59.maize, iscc, gmp+, 14,5/8/2, FCA Nové Zámky+20km, 10-11/2025",,,,,,,,,,,,,,,,,,,,,
320,23.4.2025,offer,oats,,,,,,,,,,,,,"60.naked oats, 10-11/2025, FCA Topolčany+20km",,,,,,,,,,,,,,,,,,,,,
321,23.4.2025,offer,rapeseed nc,,,,,,,,,,,,,"61.rapeseed, iscc, gmp, FCA Topolcany-Piestany, Nové Zámky, 7-8/2025",,,,,,,,,,,,,,,,,,,,,
322,23.4.2025,offer,sunflower nc,,,,,,,,,,,,,"62.sunflower black, iscc, gmp, FCA Nové Zámky, 9-10/2025",,,,,,,,,,,,,,,,,,,,,
323,23.4.2025,offer,sunflower nc,,,,,,,,,,,,,"62.sunflower striped, FCA Nové Zámky-Komárno, 9-10/2025",,,,,,,,,,,,,,,,,,,,,
324,23.4.2025,offer,maize oc,,Coufal,,,,,,,,,,,"63.maize, 14,5/8/2, iscc, gmp, 200t, FCA Senec, 218€/t",,,,,,,,,,,,,,,,,,,,,
325,23.4.2025,offer,wheat oc,,Feliz,,,,,,,,,,,"64.wheat, 13,5/78/250, 1000t, FCA Malacky, 5/2025",,,,,,,,,,,,,,,,,,,,,
326,23.4.2025,offer,wheat oc,,Burdy,,,,,,,,,,,"65.13,5-14/78/280, FCA Kyjov, 4-5/2025, 500t, 240€/t",,,,,,,,,,,,,,,,,,,,,
327,23.4.2025,offer,rapeseed nc,,Coufal,,,,,,,,,,,"66.Rapeseed.new crop 100t, FCA Trnava, 500€/t, 7-8/25 indication",,,,,,,,,,,,,,,,,,,,,
328,25.04.2025,offer,rapeseed oc,,Coufal,,,,,,,,,,,"67.Rapeseed old crop 600t, FCA Šala, 560€/t, 4-5/25 indication",,,,,,,,,,,,,,,,,,,,,
329,25.04.2025,offer,wheat oc,,Hornáková,,,,,,,,,,,"68.wheat, 500t, 13/78/250, FCA Brno south, 5/2025",,,,,,,,,,,,,,,,,,,,,
330,25.04.2025,offer,wheat oc,,Hornáková,,,,,,,,,,,"69.wheat, 1000t, 12/76/220, FCA Brno south, 5/2025",,,,,,,,,,,,,,,,,,,,,
331,25.04.2025,offer,wheat oc,,Sylvia,,,,,,,,,,,"70.wheat, 300t, 15/78/300, FCA west SK, 5/2025",FCA NZ+25km,,,,,,,,,,,,,,,,,,,,
332,25.04.2025,offer,maize oc,,Sylvia,,,,,,,,,,,"71.maize, 500t, FCA west SK, 6-8/2025",FCA NZ+25km,,,,,,,,,,,,,,,,,,,,
333,28.04.2025,offer,maize oc,,Coufal,,,,,,,,,,,"72.maize, 200-250t sellers choice, 5/25, 207€/t, FCA Vráble +20km,gmp, iscc, 14,5/8/2, 2000don, afla",,,,,,,,,,,,,,,,,,,,,
334,28.04.2025,offer,durum nc,,Braňo,,,,,,,,,,,"73.durum new crop, 13/78/230/75, 5%gb, 1500don, FCA Košice-Trebišov, 260€/t",,,,,,,,,,,,,,,,,,,,,
335,28.04.2025,offer,maize,,Burdy,,,,,,,,,,,"74.maize, 14,5/8/2, iscc, gmp, FCA Olomouc, 500t, 5-6/25",,,,,,,,,,,,,,,,,,,,,
336,29.04.2025,offer,wheat oc,,Braňo,,,,,,,,,,,"75.wheat 11,5/75/220, FCA Leopoldov +20km, 150t, 5/25.",,,,,,,,,,,,,,,,,,,,,
337,29.04.2025,offer,maize oc,,Proagros,,,,,,,,,,,"76.maize, 250t, FCA Vráble, 250t, 5/2025",,,,,,,,,,,,,,,,,,,,,
338,29.04.2025,offer,wheat oc,,Proagros,,,,,,,,,,,"77.wheat, 11,5/74/250, 400t, FCA Šurany, 5/2025",,,,,,,,,,,,,,,,,,,,,
339,29.04.2025,offer,maize oc,,Kalnai,,,,,,,,,,,"78.Mais, 300t FCA Blahová, 5/25, 14,5/8/2, 5afla, 2000don. 205€/t.
Quali + gewicht final Ladestelle, (laut Debasafe muster) im Fall der Streitigkeiten ueber Quali werden Muster ins Gafta Labor gesandt.",,,,,,,,,,,,,,,,,,,,,
340,05.05.2025,offer,wheat oc,,Coufal,,,,,,,,,,,"79.wheat, 12/76/220, FCA Šurany, promt",FCA Dolný Oháj,,,,,,,,,,,,,,,,,,,,
341,05.05.2025,offer,rapeseed nc,,Coufal,,,,,,,,,,,"80.rapeseed, ISCC, GMP, 40/9/2, FCA Senec, 50t, ex crop.",FCA Igram,,,,,,,,,,,,,,,,,,,,
342,05.05.2025,offer,wheat oc,,Juričák,,,,,,,,,,,"81. weizen 13/78/250, 240€/t CPT Pregarten, promt",,,,,,,,,,,,,,,,,,,,,
343,05.05.2025,offer,wheat oc,,Juričák,,,,,,,,,,,"82. weizen 13/78/250, 220€/t FCA Vlašim, promt",,,,,,,,,,,,,,,,,,,,,
344,05.05.2025,offer,wheat oc,,Peťo Petro,,,,,,,,,,,"83.feedwheat, 300t, FCA Prievidza, promt",,,,,,,,,,,,,,,,,,,,,
345,06.05.2025,offer,wheat oc,,Coufal,,,,,,,,,,,"84.100t, 11,5-12,5/75-79/220, FCA Nove Zamky+20km, 5/25",,,,,,,,,,,,,,,,,,,,,
346,06.05.2025,offer,durum nc,,Coufal,,,,,,,,,,,"86.300t durum FCA Trebišov, 7-9/25",,,,,,,,,,,,,,,,,,,,,
347,06.05.2025,offer,wheat nc,,Peťo Petro,,,,,,,,,,,"87.wheat 2000t, FCA/FOR Prievidza, 7-8/2025 + storage 1€/t/month. FW - 186€/t, 12,5%protein - 196€/t",,,,,,,,,,,,,,,,,,,,,
348,06.05.2025,offer,peas oc,,Krivánek,,,,,,,,,,,"88.green peas, 100t, FCA Nitra+20km, promt",,,,,,,,,,,,,,,,,,,,,
349,06.05.2025,offer,peas oc,,Krivánek,,,,,,,,,,,"88.yellow peas, 100t, FCA Nitra+20km, promt, 350€/t",,,,,,,,,,,,,,,,,,,,,
350,12.05.2025,offer,wheat oc,,nikel,,,,,,,,,,,"89.
wheat, fca trebisov 7/25 -15.8.25 min.12,5/77/250",,,,,,,,,,,,,,,,,,,,,
351,13.05.2025,offer,wheat oc,,Coufal,,,,,,,,,,,"90.wheat, 12,5/77/250, FCA Vráble+20km, 150t, 5/25",,,,,,,,,,,,,,,,,,,,,
352,13.05.2025,offer,wheat oc,,Coufal,,,,,,,,,,,"91.wheat, 14/78/300, FCA Vráble+20km, 100t, 5/2025",,,,,,,,,,,,,,,,,,,,,
353,14.05.2025,offer,,,Juričák,,,,,,,,,,,"92.wheat, 12,5%protein, FCA midle Moravia, 213€/t",,,,,,,,,,,,,,,,,,,,,
354,14.05.2025,offer,wheat oc,,Kalnai,,,,,,,,,,,"93.wheat 12-12,5%, 200-300t, FCA Třebíč, 5-6/25",,,,,,,,,,,,,,,,,,,,,
355,19.05.2025,offer,wheat oc,,Coufal,,,,,,,,,,,"94.wheat, 15/78/300, FCA Trnava+20km, 5-6/2025","nemá W, FCA Majcichov",,,,,,,,,,,,,,,,,,,,
356,26.05.2025,offer,durum nc,,Miki,,,,,,,,,,,"95.durum, 13/78/250/75, 1500don, FCA Nitra+20km, ",FCA Slepčany,,,,,,,,,,,,,,,,,,,,
357,26.05.2025,offer,peas nc,,Braňo,,,,,,,,,,,"96.300t gelbe F-erbsen - 300€/t
300t gruene F-erbsen
FCA Topolcany - 350€/t Hlohovec area
7-11/25",,,,,,,,,,,,,,,,,,,,,
358,,,,,,,,,,,,,,,,,,,,,,,,,,,,,,,,,,,,,
359,27.5.2025,offer,soybeans oc,,Sylvia,,,,,,,,,,,"97.Roman, 50t sojabohne alte E , Vrable+25km, promt.... hast Du eine Idee?",,,,,,,,,,,,,,,,,,,,,
360,27.05.2025,offer,soybeans nc,,Sylvia,,,,,,,,,,,"98.Auch neue E soja 500t FCA Nove Zamky + 20km, 9-10/25",,,,,,,,,,,,,,,,,,,,,
361,27.5.2025,offer,durum oc,,Alenka,,,,,,,,,,,"99.Majko v Senici je durumka
Ca 750 ton
NL 12,5-13,5
OH 78
SKLOVITOSŤ - 50!!!
pls skús Corn Trans a Pilstl... dík",,,,,,,,,,,,,,,,,,,,,
362,27.5.2025,offer,durum oc,,Braňo,,,,,,,,,,,"100.Roberto, I have 1450t durum, FCA Nenince old crop",,,,,,,,,,,,,,,,,,,,,
363,27.5.2025,offer ,wheat oc,,Braňo,,,,,,,,,,,"101.200t Feedwheat FCA Zvolen, promt",,,,,,,,,,,,,,,,,,,,,
364,4.6.2025,offer,,,Jaro,,,,,,,,,,,"102.500t kukurica Chotín. 7/25, 205€/t",,,,,,,,,,,,,,,,,,,,,
365,6.6.2025,offer,rapeseed nc,,Coufal,,,,,,,,,,,"103.Rapeseed 100-125t, FCA Štúrovo, 7/25",,,,,,,,,,,,,,,,,,,,,
366,09.06.2025,offer,maize,,Sylvia,,,,,,,,,,,"104.maize, 14,5/8/2, 2000don. 5 afla 500t, FCA Velky Meder+20km, 190€/t, 10-12/2025, succesive, no extention",,,,,,,,,,,,,,,,,,,,,
367,10.6.2025,offer ,peas,,Krivanek,,,,,,,,,,,"105.green peas for human cons., 300-500t, FCA Komárno, 7/25",,,,,,,,,,,,,,,,,,,,,
368,24.6.2025,offer,peas,,Sylvia,,,,,,,,,,,"106.yellow peas, 400t, FCA Trnava-Dunajska Streda, 7-8/25, 255€/t, indicative, non binding",,,,,,,,,,,,,,,,,,,,,
369,24.06.2025,offer,wheat,,Miki,,,,,,,,,,,"107.wheat, 14-15/78/300, crop 2024, FCA Trnava, 6-7/2025",,,,,,,,,,,,,,,,,,,,,
370,24.06.2025,offer,rye,,Braňo,,,,,,,,,,,"108.millingrye, crop 25, 200-250t, 7/25, FCA Malacky +30km ",,,,,,,,,,,,,,,,,,,,,
371,25.06.2025,offer,peas nc,,Coufal,,,,,,,,,,,"109.green peas, FCA Senec+20km, 50-100t, promt",FCA Igram,,,,,,,,,,,,,,,,,,,,
372,26.6.2025,offer,wheat nc,,Coufal,,,,,,,,,,,110. 200t weizen 13/78/250 ab 15.7. Bis 30.7.,,,,,,,,,,,,,,,,,,,,,
373,30.06.2025,offer,peas nc,,Braňo,,,,,,,,,,,"111.75t yellow peas, promt, FCA Trnava+20km, 265€/t",,,,,,,,,,,,,,,,,,,,,
374,01.07.2025,offer,maize nc,,Juricak,,,,,,,,,,,"112.offer maize, 1000t, FCA Nove Zamky, 7-8/25",,,,,,,,,,,,,,,,,,,,,
375,01.07.2025,offer,barley nc,,Juricak,,,,,,,,,,,"113.offer feedbly, 500t, FCA Komarno - Nove Zamky, 7-8/25",,,,,,,,,,,,,,,,,,,,,
376,01.07.2025,offer,durum nc,,Juricak,,,,,,,,,,,"114.offer durum, FOR middle SK, 7-9/25","ponúknuté Hundovi, Radekovi, Marschallovi, Rudimu, EP Res, Viterra, Pilstlovi",,,,,,,,,,,,,,,,,,,,
377,01.07.2025,offer,barley nc,,Juricak,,,,,,,,,,,"115.feed barley, gmp, 62kg, 500t, 170€/t, FCA Komárno-Velký Meder, 7-8/25",,,,,,,,,,,,,,,,,,,,,
378,02.07.2025,offer,barley nc,,Juricak,,,,,,,,,,,"116.indicative offer Feedbarley FCA Uherske Hradiste - Hodonin, 162€/t, promt, ",,,,,,,,,,,,,,,,,,,,,
379,02.07.2025,offer,wheat nc,,Coufal,,,,,,,,,,,"117.indicative offer, wheat, 13/78/250, FCA Nitra+20km, 7/25, 200-300t, 200€/t","Alekšince, fixne ponúknuté Rainerovi",,,,,,,,,,,,,,,,,,,,
380,02.07.2025,offer,wheat nc,,Coufal,,,,,,,,,,,"118.indicative offer, wheat, 14/78/250, FCA Nitra+20km, 7/25, 200-300t, 210€/t","Klasov, o to má záujem Gutscher, ale Coufalov farmár chce ešte vzorkovať bu.KT, či určite má tú kvalitu.",,,,,,,,,,,,,,,,,,,,
381,02.07.2027,offer,wheat nc,,Coufal,,,,,,,,,,,"119.indicative offer wheat, 13/78/250, FCA Vráble +20km, 7-8/2025, test truck promt, 200t, 200€/t","Klasov, dáme Gutscherovi",,,,,,,,,,,,,,,,,,,,
382,08.07.2025,demand,jačmeň nc,,Pilstl,,,,,,,,,,,"71. 300 To jačmeň krmný 62kg, ex crop, 145€, FCA Trnava
",,,,,,,,,,,,,,,,,,,,,
383,08.07.2025,demand,pšenica nc,,Pilstl,,,,,,,,,,,72. 300 To krmná pšenica 170€ Ex crop FCA Trnava ,,,,,,,,,,,,,,,,,,,,,
384,08.07.2025,demand,pšenica nc,,Agrana,,,,,,,,,,,"73.indikačný dopyt pšenica krmná CPT Pischel. Ročná prémia -20€, dodanie iba 7-9 = 185€ a dodanie 27-28KT stará úr. = 215€",,,,,,,,,,,,,,,,,,,,,
385,08.07.2025,demand,jačmeň nc,,Rainer,,,,,,,,,,,"74.indikačný dopyt jačmeň krmný 63kg, gmp, FCA TT, HC, DS, 155-160€/t, 500t, 7-8/25",,,,,,,,,,,,,,,,,,,,,
386,08.07.2025,demand,jačmeň nc,,Viskupič,,,,,,,,,,,"75.indikačný dopyt Jačmeň krmný 155-160€/t 500t, 8/25, 1250don, 62kg/HL, FCA Trebišov",,,,,,,,,,,,,,,,,,,,,
387,08.07.2025,demand,jačmeň nc,,Pilstl,,,,,,,,,,,"76.indikačný dopyt pšenica krmná iscc, gmp, 72kg, FCA záp.SK, 7-8/25",,,,,,,,,,,,,,,,,,,,,
388,08.07.2025,demand,pšenica nc,,Juričák,,,,,,,,,,,"77.indikačný dopyt jacmen krmny 62kg, 800don, cpt Šala, 500t, 150€/t ",,,,,,,,,,,,,,,,,,,,,
389,08.07.2025,demand,jacmen nc,,Ulrik,,,,,,,,,,,"78.indikačný dopyt cirok, triticale, raž krmná",,,,,,,,,,,,,,,,,,,,,
390,08.07.2025,demand,pšenica nc,,Ulrik,,,,,,,,,,,"79.indikačný dopyt krmna psenica, 180€/t, je jedno či stará, či nová úr, odvoz buduci KT, 1000t",,,,,,,,,,,,,,,,,,,,,
391,08.07.2025,demand,pšenica nc,,Rainer,,,,,,,,,,,"80..indikačný dopyt, pšenica, 13/78/250, FCA Nitra+20km, 7/25, 200-300t, 197€/t",,,,,,,,,,,,,,,,,,,,,
392,08.07.2025,demand,pšenica nc,,Rainer,,,,,,,,,,,"81.indikačný dopyt, pšenica 14/78/250, FCA Nitra+20km, 7/25, 200-300t, 207€/t",,,,,,,,,,,,,,,,,,,,,
393,08.07.2025,demand,pšenica nc,,Rainer,,,,,,,,,,,"82.indicative demand wheat, 14/78/250, FCA Nitra+20km, 7/25, 200-300t, 205€/t basis Probe",,,,,,,,,,,,,,,,,,,,,
394,08.07.2025,demand,pšenica nc,,Henri,,,,,,,,,,,"82.indicative demand wheat, 14/78/250, CPT Pregarten, 7/25, 200-300t, 235€/t basis Probe",,,,,,,,,,,,,,,,,,,,,
395,08.07.2025,demand,kukurica oc,,Gustav K.,,,,,,,,,,,"83.indikačný dopyt kukurica stará úr.7-8/25, 14,5/8/2, 5afla, 1750don, 213€/t FCA záp.SK(nejde do JUBU)",,,,,,,,,,,,,,,,,,,,,
396,08.07.2025,demand,kukurica oc,,Gergély,,,,,,,,,,,"84.indication demand maize crop 2024, 215-217€/t CPT Szabadegyháza, 7-8/2025",,,,,,,,,,,,,,,,,,,,,
397,08.07.2025,demand,kukurica nc,,Gergély,,,,,,,,,,,"85.indication demand maize crop 2025, 217-218€/t CPT Szabadegyháza, 10-11/2025",,,,,,,,,,,,,,,,,,,,,
398,08.07.2025,demand,pšenica nc,,Henri,,,,,,,,,,,"86.indication demand wheat, 15-16/78/300, FCA west SK, 7-8/2025, 215€/t",,,,,,,,,,,,,,,,,,,,,